Max Infected,Total Infected,Time to Peak,Total Population,Percent total infected,Percent max infected,Percent edges connected
20.0,29.0,0.0,40,72.5,50.0,0.0
22.0,29.0,0.14919853278932418,40,72.5,55.0,0.2
21.0,37.0,0.06606303930303033,40,92.5,52.5,0.4
23.0,35.0,1.0635767091401482,40,87.5,57.5,0.6000000000000001
25.0,38.0,1.5744513936547633,40,95.0,62.5,0.8
29.0,39.0,2.588906402313867,40,97.5,72.5,1.0
