Total Population,Max Infected,Total Infected,Time to Peak,Percent max infected,Percent total infected,Number of Groups
900,774.0,900.0,3.1097673266089836,86.0,100.0,1
900,768.5,900.0,3.209425721508544,85.38888888888889,100.0,2
900,772.5,900.0,3.1018450029329285,85.83333333333333,100.0,3
900,754.0,900.0,2.9788375933235898,83.77777777777777,100.0,4
900,762.5,900.0,3.089252820595674,84.72222222222223,100.0,5
900,772.0,900.0,3.045230751133711,85.77777777777777,100.0,6
900,779.0,900.0,3.045470117048528,86.55555555555556,100.0,7
900,771.0,900.0,3.25230781883925,85.66666666666667,100.0,8
900,781.0,900.0,3.204466447524119,86.77777777777777,100.0,9
