Max Infected,Total Infected,Time to Peak,Total Population,Percent total infected,Percent max infected,Percent edges connected
2000.0,1032.0,1973.0,55.0,51.6,98.65,0.0
2400.0,1495.0,2308.0,52.772949936713076,62.291666666666664,96.16666666666667,0.2
2800.0,1469.0,2720.0,51.94542679022202,52.464285714285715,97.14285714285714,0.4
3200.0,1848.0,3155.0,52.949781715362846,57.75,98.59375,0.6000000000000001
3600.0,2033.0,3492.0,51.99361248890477,56.47222222222222,97.0,0.8
4000.0,1937.0,3886.0,50.858279189536184,48.425,97.15,1.0
